{
    "depot_xy": [
        [
            [
                2,
                2
            ],
            [
                4,
                6.600790500640869
            ],
            [
                8,
                5
            ]
        ]
    ],
    "customer_xy": [
        [
            [
                1,
                1
            ],
            [
                2,
                1
            ],
            [
                1,
                2
            ],
            [
                2,
                6
            ],
            [
                3,
                7
            ],
            [
                4,
                8
            ],
            [
                8,
                4
            ],
            [
                9,
                4.5
            ],
            [
                9,
                6
            ],
            [
                8,
                6
            ],
            [
                4,
                7
            ],
            [
                3,
                6.5
            ],
            [
                2,
                3
            ],
            [
                3,
                3
            ],
            [
                7,
                8
            ],
            [
                7,
                6
            ],
            [
                3,
                8
            ],
            [
                6,
                7
            ],
            [
                5,
                1.6513203382492065
            ],
            [
                5,
                3
            ]
        ]
    ],
    "demand": [
        [
            1.0,
            1.0,
            1.0,
            1.0,
            1.0,
            1.0,
            1.0,
            1.0,
            1.0,
            1.0,
            1.0,
            1.0,
            1.0,
            1.0,
            1.0,
            1.0,
            1.0,
            1.0,
            1.0,
            1.0
        ]
    ],
    "car_start_node": [
        [
            0,
            1,
            2,
            0,
            1,
            2,
            0,
            1,
            2
        ]
    ],
    "car_capacity": [
        [
            4.0,
            4.0,
            4.0,
            4.0,
            4.0,
            4.0,
            4.0,
            4.0,
            4.0
        ]
    ],
    "car_level": [
        [
            0,
            0,
            0,
            1,
            1,
            1,
            2,
            2,
            2
        ]
    ],
    "demand_level": [
        [
            0,
            0,
            0,
            0,
            0,
            0,
            0,
            1,
            1,
            1,
            1,
            1,
            1,
            1,
            2,
            2,
            2,
            2,
            2,
            2
        ]
    ]
}